id;building_number;street_name;neighborhood;city_name;zip_code;additional_number;region_description;unit_number
1;models CFP Franc Human;Marquise Ford;Frozen hacking Home Loan Account;synthesizing;84908;withdrawal;Architect South Dakota JSON;supply-chains Corporate
2;Mandatory Berkshire;Rodriguez Burgs;methodical;Producer;10671;microchip Awesome Wooden Table Tuna;generate Berkshire invoice;Hat generating
3;solution Incredible capacitor;Davis Lodge;Bike interactive PNG;Skyway orchid;67050-2260;reboot National National;Soap Orchestrator;program Shoes optical
4;Rustic Cotton Shoes systemic alarm;Isabelle Flat;Bacon withdrawal;bus;29388-6058;invoice Accounts Savings Account;motivating;Auto Loan Account Administrator Luxembourg
5;Awesome clicks-and-mortar;Flossie Walks;calculate Credit Card Account calculating;calculate;26190-3933;Architect;Gloves Metal Rubber;Orchestrator Personal Loan Account fuchsia
6;context-sensitive Shoes Cameroon;Stanton Harbor;Grass-roots compelling;generating purple;76728;Avon Fully-configurable;Cambridgeshire;primary
7;compelling withdrawal task-force;Pagac Crest;invoice back up implement;invoice;97220;integrated optimize infrastructures;Brand Director HTTP;calculate
8;withdrawal;Alda Causeway;deposit application;Checking Account Qatar;15621;Ramp;digital;Money Market Account deliverables cyan
9;hardware;Feest Estates;Berkshire Barbados Dollar;Interactions;92502;help-desk 24 hour;sexy back up auxiliary;Baby Industrial
10;USB El Salvador solid state;Breitenberg Circles;Practical payment Tunisian Dinar;infomediaries integrated Balanced;22480-0571;Toys Dominican Peso;models;e-services Tunnel
