id;national_identity_number;id_type;date_of_birth;mobile_phone_number;agent_verification_number;email;language;name;customer_number;first_name_arabic;father_name_arabic;grand_father_name_arabic;grand_father_name_english;place_of_birth;id_issue_date;id_expiry_date;marital_status;customer_id;profile_status
1;Assistant;Generic heuristic;2021-01-01;"+1-83";index;"w{2@}hRT.f\$";Tennessee relationships Ball;full-range;Pa'anga Directives Direct;Villages fuchsia Administrator;Progressive;extranet Handcrafted bypass;California;Spurs invoice;copying;protocol;quantifying Handmade;violet Compatible primary;Credit Card Account
2;Algerian Dinar;Accounts Falkland Islands Pound;2021-01-01;"+36869-1";RSS Personal Loan Account;"ZrA'+@8e.'n.R1";relationships Towels;AGP;ivory Ports Outdoors;transparent;Home Loan Account Cliff UIC-Franc;Dam redefine Rubber;Centralized Cotton functionalities;Intelligent Cotton Sausages;Practical Frozen Shoes transmitting Virtual;initiatives multi-tasking;Generic Concrete Bacon Equatorial Guinea Fall;transitional Forint Steel;real-time
3;Clothing;upward-trending Checking Account overriding;2021-01-01;"+9252-95466";Human SMTP;"^LOvx&@s,.uS1Ff";Jewelery Maine;Fantastic Wooden Sausages Specialist South Carolina;mindshare monitor synthesizing;Wisconsin;Gorgeous deliverables Unbranded Soft Bacon;Mouse;transmit;hard drive Loaf;microchip fuchsia;Fantastic invoice;Investment Account didactic Afghani;program Infrastructure;Wooden deposit
4;Loop Car backing up;Data Buckinghamshire;2021-01-01;"+572-258";Ville payment Parkway;"F'@4E@n~b.P|9v";quantify Savings Account;uniform;Human Internal Data;synthesize;radical Connecticut;leading edge Kiribati parse;Convertible Marks;Assistant Netherlands Antillian Guilder;Music Sao Tome and Principe;Solutions;Assistant applications;e-tailers;Home Loan Account
5;zero tolerance Lakes;Grocery;2021-01-01;"+68-44485";pixel reboot;"mRn-zD@B.<3}v";Checking Account Pula;calculating;Brand payment back up;web-readiness Executive circuit;Junction Fresh open-source;convergence XSS;Markets;flexibility;Fantastic Quetzal Paraguay;New Hampshire Unions;hack;orchid Denmark Optimization;Trinidad and Tobago Tools Licensed Frozen Chair
6;Course;sky blue Ports;2021-01-01;"+15094-996994";artificial intelligence Ergonomic Supervisor;":%@QD!bt`.9^N#";Branding Small Wooden Bike RAM;Moroccan Dirham;ADP;Rustic Granite Chair Utah;magenta Planner;Solutions;Berkshire Iraqi Dinar;Sausages Handcrafted Metal Hat;mobile Bedfordshire;disintermediate User-centric mint green;sky blue;indexing;Intelligent
7;metrics Bridge Factors;Cook Islands Home Loan Account Tala;2021-01-01;"+90-8568";COM;"e@/.ec2|y&";View transmitter structure;Garden;Gloves;revolutionary;cohesive Web;Practical;monetize Credit Card Account;Indiana;Regional;bluetooth Lithuanian Litas Shoes;schemas Computer Industrial;Buckinghamshire;Ouguiya
8;visualize;morph Agent bandwidth;2021-01-02;"+10-0077";hierarchy orchid Ball;"h`h@)oC.iOuD;y";generate;Officer;compress;transmitting virtual Compatible;Integrated payment asymmetric;superstructure compress;calculating Agent e-commerce;Assistant;TCP;Outdoors;quantifying withdrawal;Rustic Fresh Shirt Practical Implemented;monitor
9;multi-byte;India Implemented;2021-01-01;"+088530-31150";magenta;"ca;Sc@Z[<V2.H!";calculating Gorgeous;Exclusive;Soft;panel unleash Analyst;functionalities invoice;transform;Polarised lime;Bacon Frozen;brand;Uzbekistan Sum Legacy;optical;Pakistan Rupee Chief;indexing
10;gold Cedi Research;Heights website;2021-01-01;"+96137-322005";grow;"Dyj\!@8Nh-E.0tK] (";Soap target;24/365 copy withdrawal;Falkland Islands (Malvinas) withdrawal invoice;TCP Liaison;seize;Sports Direct;cyan Incredible;Steel;Plastic harness;Generic Security;Orchestrator Car;calculating disintermediate Drive;Industrial Avon Monitored
