id;wallet_id;status;status_update_date_time;currency;account_type;account_sub_type;description;scheme_name;identification
1;deposit holistic;copy;Oval calculating;Checking Account Latvia green;Intelligent;calculating multi-byte Norway;Saint Kitts and Nevis Switzerland;Designer Tala Bond Markets Units European Composite Unit (EURCO);Optional utilize deposit
2;Missouri;Soft logistical;calculating systems;Louisiana auxiliary;Representative;recontextualize;connect sensor;Interactions Developer;bypassing interface New Jersey
3;ability;virtual Handmade Concrete Table bypass;Croatian Kuna;Iowa;salmon;Frozen;override;transmitter neural Wisconsin;ivory
4;Technician Gorgeous;De-engineered transform;Trinidad and Tobago Dollar Soft Virtual;Organized;Vermont;Quality-focused;Sleek New Jersey;Customer-focused payment Alley;haptic Refined client-driven
5;Cloned circuit;Engineer;Car;Harbors frame;Officer;programming protocol Maryland;Licensed;National Legacy Bahrain;Programmable Pennsylvania
6;dynamic virtual;Alabama El Salvador payment;compressing;maroon programming Car;Credit Card Account;copy Licensed AI;Spur demand-driven Fish;cyan maximize Multi-lateral;Technician dot-com redundant
7;hacking Egypt Personal Loan Account;invoice transmitter compress;archive reboot District;Shoes;protocol bluetooth;matrix Buckinghamshire Open-source;Plaza;Pants Guinea Franc;Arizona Chair
8;Small;migration Borders sky blue;cohesive;Salad GB;benchmark EXE digital;Reverse-engineered Orchestrator District;back-end programming;Crest;Home Soap
9;Iranian Rial;Money Market Account customized;recontextualize withdrawal Sports;productize USB reboot;array Connecticut;CSS Overpass;Moldova Executive;SCSI;PNG Cape Verde Escudo homogeneous
10;invoice Investment Account Islands;Bulgarian Lev Nevada Cambodia;Fish;teal Wooden COM;relationships Beauty Berkshire;Awesome Steel Mouse Realigned Practical;override blue;hack Keyboard;calculating Infrastructure Compatible
